Id Parlamento,Nome,Apelido,Cargo,Partido,UF,Handles,ID Twitter,ID Facebook
3713,Maria de Fátima Bezerra,Fátima Bezerra,Senador ,PT,RN,fatimabezerra,51064768,
4558,Gladson de Lima Cameli,Gladson Cameli,Senador ,PP,AC,GladsonCameli,96775581,
456,Ronaldo Ramos Caiado,Ronaldo Caiado,Senador,DEM,GO,ronaldocaiado,32101740,
204377,Paula Moreno Paro Belmonte,Paula Belmonte,Deputado,CIDADANIA,DF,paulambelmonte,989854043370606592,id481960978885807
196358,Lourival Gomes De Almeida,Lourival Gomes,Deputado,PSL,RJ,lourivalgomesrj,989106335622090752,id166734243873930
74052,João Bosco Da Costa,Bosco Costa,Deputado,PL,SE,BoscoCostapr,988780366453465089,id351151221703405
204456,Gutemberg Reis De Oliveira,Gutemberg Reis,Deputado,MDB,RJ,guth_reis,987482475071930369,id252586015156597
5979,Leila Gomes de Barros Rêgo,Leila Barros,Senador,PSB,DF,leiladovolei,986978033159626754,id578898368860170
108338,Dirlaine Jaqueline Cassol,Jaqueline Cassol,Deputado,PP,RO,jqcassol,985573574466506753,id1420022301592431
204415,Nereu Crispim,Nereu Crispim,Deputado,PSL,RS,nereucrispim,984535500110393344,id281213435750740
204545,Alessandra Da Silva,Alê Silva,Deputado,PSL,MG,alesilva_38,984479654399610882,id549608648565581
204508,Igor Tarciano Timo,Igor Timo,Deputado,PODE,MG,oficialigortimo,981604712238780432,
204507,Carla Zambelli Salgado,Carla Zambelli,Deputado,PSL,SP,carlazambelli38,975127727501185025,id198620036895177
204448,Luiz Antonio Da Costa Carvalho Correa Da Silva,Luiz Antônio Corrêa,Deputado,PL,RJ,depluizantonio,974553742371520512,id461990540812267
204455,Luiz Eduardo Carneiro Da Silva De Souza Lima,Luiz Lima,Deputado,PSL,RJ,oficialluizlima,966061552943222785,id1827699960809554
285,Márcio Miguel Bittar,Marcio Bittar,Senador,MDB,AC,marciombittar,96180599,
204528,Adriana Miguel Ventura,Adriana Ventura,Deputado,NOVO,SP,adrianasounovo,955773266089607168,id894546260714988
204563,Josimar Cunha Rodrigues,Josimar Maranhãozinho,Deputado,PL,MA,josimarpr22,948927124316008449,id775669792490001
204523,Lucas De Vasconcelos Gonzalez,Lucas Gonzalez,Deputado,NOVO,MG,lucasvgonzalez,948546628692205568,id537393773101072
204548,Heitor Rodrigo Pereira Freire,Heitor Freire,Deputado,PSL,CE,heitorfreirece,946360472286257152,id844031609039240
5666,Sergio Olimpio Gomes,Major Olimpio,Senador,PSL,SP,majorolimpio,94451423,id169733469856759
204371,Felipe Rigoni Lopes,Felipe Rigoni,Deputado,PSB,ES,rigoni_felipe,939423395376136192,id1635492076680391
204385,José Valdevan De Jesus Santos,Valdevan Noventa,Deputado,PSC,SE,valdevannoventa,934476175354875905,id136974320321805
160527,Aguinaldo Velloso Borges Ribeiro,Aguinaldo Ribeiro,Deputado,PP,PB,depaguinaldo11,930169595238998016,id1856690847884992
204520,Geraldo Junio Do Amaral,Junio Amaral,Deputado,PSL,MG,cabojunioamaral,917727546615193601,id815039985305536
204454,Daniel Lucio Da Silveira,Daniel Silveira,Deputado,PSL,RJ,danielpmerj,912492779669999616,id1233730513413646
204514,Marcio Tadeu Anhaia De Lemos,Coronel Tadeu,Deputado,PSL,SP,coroneltadeu,907301328988332033,id1821705364774977
204420,Gulliem Charles Bezerra Lemos,Julian Lemos,Deputado,PSL,PB,julianlemosopb1,903004267463806993,id922891834420704
4560,Sérgio de Oliveira Cunha,Sérgio Petecão,Senador,PSD,AC,senadorpetecao,87186953,id245784392128312
204459,Daniela Mote De Souza Carneiro,Daniela do Waguinho,Deputado,MDB,RJ,danielawaguinho,869919798767091712,id300746857005170
5411,Weverton Rocha Marques de Sousa,Weverton,Senador,PDT,MA,wevertonrocha,85859074,id142099522556207
194260,Nivaldo Ferreira De Albuquerque Neto,Nivaldo Albuquerque,Deputado,PTB,AL,nivaldoalbuque,854773827515142148,id138502099895292
5012,Randolph Frederich Rodrigues Alves,Randolfe Rodrigues,Senador,REDE,AP,randolfeap,85327394,id687008454694990
204516,Alexis Joseph Steverlynck Fonteyne,Alexis Fonteyne,Deputado,NOVO,SP,alexisfonteyne,852253471101378567,id727528134072647
204473,Eliéser Girão Monteiro Filho,General Girão,Deputado,PSL,RN,generalgirao,841700087143288832,id588520408170543
122974,Pedro Lucas Andrade Fernandes Ribeiro,Pedro Lucas Fernandes,Deputado,PTB,MA,_PedroLucasF,839900485494657027,id737219703041909
133968,Paulo Sérgio Ramos Barboza,Paulo Ramos,Deputado,PDT,RJ,pauloramosdep,834125429153882112,
5967,Angelo Mario Coronel de Azevedo Martins,Angelo Coronel,Senador,PSD,BA,angelocoronel_,829391158208032768,id405696379766191
4770,Izalci Lucas Ferreira,Izalci Lucas,Senador,PSDB,DF,izalcilucas,82144764,id1385505868350890
178829,Jose Augusto Rosa,Capitão Augusto,Deputado,PL,SP,deputadocapitao,790964369593102336,id1378617549025463
5617,Sebastião Valadares Neto,Pastor Valadares,Senador,PDT,RO,ValadaresPSB,78446086,
204552,Eduardo Salim Braide,Eduardo Braide,Deputado,PODE,MA,soueduardo33,781695188653703168,id1417942768479036
178884,Hildo Augusto Da Rocha Neto,Hildo Rocha,Deputado,MDB,MA,hildorochaPMDB,772965162810761216,id587492024677202
73696,Angela Regina Heinzen Amin Helou,Angela Amin,Deputado,PP,SC,angelaamin11,766624608338477056,id291052834605299
204457,Rogerio Teixeira Junior,Juninho do Pneu,Deputado,DEM,RJ,juninhodopneu,763748507853459456,id600557210105330
5732,Rodrigo Otavio Soares Pacheco,Rodrigo Pacheco,Senador,DEM,MG,rpsenador,762786918086180864,
5008,Humberto Sérgio Costa Lima,Humberto Costa,Senador,PT,PE,senadorhumberto,76049312,id174217422747805
5529,Antonio Augusto Junho Anastasia,Antonio Anastasia,Senador,PSD,MG,Anastasia,74500609,
5990,Carlos Alberto Dias Viana,Carlos Viana,Senador,PSD,MG,carlosaviana,74309518,id157982450937286
945,Alvaro Fernandes Dias,Alvaro Dias,Senador,PODEMOS,PR,alvarodias_,73745956,
3361,José Targino Maranhão,José Maranhão,Senador,MDB,PB,josemaranhaopb,72849001,
204526,Luiz Philippe De Orleans Bragança,Luiz Philippe de Orleans e Bragança,Deputado,PSL,SP,lpbragancabr,728281672731471873,id678761768950811
204571,Alex Marco Santana Sousa,Alex Santana,Deputado,PDT,BA,depalexsantana,715890732528222208,id1925056834487233
160528,Danilo Jorge De Barros Cabral,Danilo Cabral,Deputado,PSB,PE,danilocabral__,712446730856505345,id297853750374882
1173,Wellington Antonio Fagundes,Wellington Fagundes,Senador,PL,MT,sen_wellington,71065638,
178985,Miguel Lombardi,Miguel Lombardi,Deputado,PL,SP,DMiguellombardi,703312028027523073,id503151713035561
4981,Acir Marcos Gurgacz,Acir Gurgacz,Senador,PDT,RO,acirgurgacz,67601773,
739,Ciro Nogueira Lima Filho,Ciro Nogueira,Senador,PP,PI,ciro_nogueira,67098726,id274527822566791
878,José Aníbal Peres de Pontes,José Aníbal,Senador,PSDB,SP,jose_anibal,63760347,
581,Jaques Wagner,Jaques Wagner,Senador,PT,BA,jaqueswagner,62501888,id136224023082363
475,Confúcio Aires Moura,Confúcio Moura,Senador,MDB,RO,confuciomoura,59151531,
35,Jader Fontenelle Barbalho,Jader Barbalho,Senador,MDB,PA,jader_barbalho,58578276,id133602516654912
1186,Luis Carlos Heinze,Luis Carlos Heinze,Senador,PP,RS,SenadorHeinze,57648137,id355458947869655
4606,José Eleonildo Soares,Pinto Itamaraty,Senador,PSDB,MA,pintoitamaraty,57024921,
5748,Veneziano Vital do Rêgo Segundo Neto,Veneziano Vital do Rêgo,Senador,PSB,PB,venezianovital,56734024,id424808937641023
5942,Marcos Ribeiro do Val,Marcos do Val,Senador,PODEMOS,ES,marcosdoval,54600557,id360331564101406
5985,Nelson Trad Filho,Nelsinho Trad,Senador,PSD,MS,nelsinhotrad,54412355,id174471285940778
5540,Fernando Bezerra de Souza Coelho,Fernando Bezerra Coelho,Senador,MDB,PE,fbezerracoelho,53702605,
5350,Jorginho dos Santos Mello,Jorginho Mello,Senador,PL,SC,jorginhomello,53073647,id425866030884565
5973,Cid Ferreira Gomes,Cid Gomes,Senador,PDT,CE,senadorcidgomes,49089646,id658216240856974
4525,Fernando Affonso Collor de Mello,Fernando Collor,Senador,PROS,AL,Collor,48040416,
5998,Daniella Velloso Borges Ribeiro,Daniella Ribeiro,Senador,PP,PB,soudaniella111,459320302,id119203011556937
5322,Romario de Souza Faria,Romário,Senador,PODEMOS,RJ,RomarioOnze,42629261,
5982,Alessandro Vieira,Alessandro Vieira,Senador,CIDADANIA,SE,sen_alessandro,4250596815,id728845403983151
5894,Flávio Nantes Bolsonaro,Flávio Bolsonaro,Senador,REPUBLICANOS,RJ,flaviobolsonaro,40053694,id156951837773645
825,Paulo Renato Paim,Paulo Paim,Senador,PT,RS,paulopaim,37122131,id364042537032048
5905,Rodrigo Santos Cunha,Rodrigo Cunha,Senador,PSDB,AL,rodrigocunhaal,37050975,id645681708802441
5236,José Antônio Machado Reguffe,Reguffe,Senador,PODEMOS,DF,Reguffe,36585212,
90,José Serra,José Serra,Senador,PSDB,SP,joseserra_,34996429,
5621,Rudson Leite da Silva,Rudson Leite,Senador,PV,RR,leiterudson,338167879,
5537,Dário Elias Berger,Dário Berger,Senador,MDB,SC,darioberger,33062430,
5988,Soraya Vieira Thronicke,Soraya Thronicke,Senador,PSL,MS,sorayathronicke,3167874665,id1142941029175690
1249,Kátia Regina de Abreu,Kátia Abreu,Senador,PP,TO,KatiaAbreu,31116114,
5376,Mara Cristina Gabrilli,Mara Gabrilli,Senador,PSDB,SP,maragabrilli,30978177,id215275598522355
2331,Rosilda de Freitas,Rose de Freitas,Senador,PODEMOS,ES,senadorarose,3092482455,
5637,Divino Donizeti Borges Nogueira,Donizeti Nogueira,Senador,PT,TO,DonizetiPT,2748842100,
1023,Maria do Carmo do Nascimento Alves,Maria do Carmo Alves,Senador,DEM,SE,MariaSenadora,274119634,
3830,David Samuel Alcolumbre Tobelem,Davi Alcolumbre,Senador,DEM,AP,davialcolumbre,2716763753,
374,Paulo Roberto Galvão da Rocha,Paulo Rocha,Senador,PT,PA,senadorpaulor,2677675820,
5385,Irajá Silvestre Filho,Irajá,Senador,PSD,TO,iraja555,259707478,id359491867555824
5527,Simone Nassar Tebet,Simone Tebet,Senador,MDB,MS,SimoneTebetms,2508415207,
5525,Omar José Abdel Aziz,Omar Aziz,Senador,PSD,AM,OmarAzizPSD,2445921702,
5523,Otto Roberto Mendonça de Alencar,Otto Alencar,Senador,PSD,BA,ottoalencar,2377502743,
751,Arolde de Oliveira,Arolde de Oliveira,Senador,PSD,RJ,aroldeoliveira,22927142,id118527194965589
5533,Lasier Costa Martins,Lasier Martins,Senador,PODEMOS,RS,lasiermartins,202807015,
5895,Jorge Kajuru Reis da Costa Nasser,Jorge Kajuru,Senador,CIDADANIA,GO,SenadorKajuru,193441509,id1397837253786447
22,Esperidião Amin Helou Filho,Esperidião Amin,Senador,PP,SC,esperidiaoamin_,192658045,id332870466782583
5585,Luiz Carlos do Carmo,Luiz do Carmo,Senador,MDB,GO,_luizdocarmo,173834511,
5531,Elmano Férrer de Almeida,Elmano Férrer,Senador,PODEMOS,PI,elmanoferrer,167124877,
70,José Renan Vasconcelos Calheiros,Renan Calheiros,Senador,MDB,AL,renancalheiros,1650330319,id576313645847016
4994,Carlos Eduardo de Souza Braga,Eduardo Braga,Senador,MDB,AM,eduardobraga_am,164439493,id263563620333111
5899,Vanderlan Vieira Cardoso,Vanderlan Cardoso,Senador,PSD,GO,vanderlan_vc,162807255,id206019209573311
5627,Jean Paul Terra Prates,Jean Paul Prates,Senador,PT,RN,senadorjpprates,16162356,
5422,Marcos Rogério da Silva Brito,Marcos Rogério,Senador,DEM,RO,marcosrogerio,160895960,id374562535958862
5352,Rogério Carvalho Santos,Rogério Carvalho,Senador,PT,SE,SenadorRogerio,144372753,
677,Roberto Coelho Rocha,Roberto Rocha,Senador,PSDB,MA,SigaRoberto_,1436541721,
3396,Tasso Ribeiro Jereissati,Tasso Jereissati,Senador,PSDB,CE,tassojereissati,132513707,
5535,Telmário Mota de Oliveira,Telmário Mota,Senador,PROS,RR,TelmarioMotaRR,1301234378,
742,Marcelo Costa e Castro,Marcelo Castro,Senador,MDB,PI,marcelocastropi,125822264,id294607987354763
204396,Nelsi Coguetto Maria,Vermelho,Deputado,PSD,PR,depvermelho,1242093483151839238,id257661164401899
204483,Vilson Luiz Da Silva,Vilson da Fetaemg,Deputado,PSB,MG,VilsondaFetaemg,1224332353927073792,id569930423388523
5927,Paulo José de Brito Silva Albuquerque,Paulo Albuquerque,Senador,PSD,AP,senador_paulo,1207284899620802561,
5971,Prisco Rodrigues Bezerra,Prisco Bezerra,Senador,PDT,CE,PriscoBezerra,1204732375311306752,
470,Francisco de Assis Rodrigues,Chico Rodrigues,Senador,DEM,RR,senadorchico,1200113835996262401,id194032184000941
151,Luiz Osvaldo Pastore,Luiz Pastore,Senador,MDB,ES,sen_luizpastore,1197906703733407744,
211649,Ricardo De Souza Costa,Ricardo Pericar,Deputado,PSL,RJ,RPericar,1195481802703540227,
204390,Alcides Ribeiro Filho,Professor Alcides,Deputado,PP,GO,profalcids,1170483411036884993,id529741837114868
4531,Jayme Veríssimo de Campos,Jayme Campos,Senador,DEM,MT,JaymeCampos251,1169594403666780166,
204477,Felício Laterça De Almeida,Felício Laterça,Deputado,PSL,RJ,FederalFelicio,1168623393924616192,id267243340701984
204544,Alexandre Frota De Andrade,Alexandre Frota,Deputado,PSDB,SP,alefrota77,1165773652190736384,id1728528250694023
204475,Jose Otaci Barroso Do Nascimento,Ottaci Nascimento,Deputado,SOLIDARIEDADE,RR,OtaciNascimento,1161770726887776261,id1781520078834523
6027,Antônio Mecias Pereira de Jesus,Mecias de Jesus,Senador,REPUBLICANOS,RR,meciasdejesus,115699416,id264298597018120
204449,Nelson Ned Previdente,Nelson Barbudo,Deputado,PSL,MT,nelsonbarbudo,1149131923652063232,id1949451478414650
204539,Hercílio Araújo Diniz Filho,Hercílio Coelho Diniz,Deputado,MDB,MG,herciliodiniz,1118922634648084480,id1617603285020017
191923,Flávio Rodrigues Nogueira,Flávio Nogueira,Deputado,PDT,PI,flavionpi,1118489062866849793,id775240779164982
122466,Ronaldo Manchado Martins,Ronaldo Martins,Deputado,Republicanos,CE,10ronaldomartin,1118164353121968129,
205863,Marcelo De Brum Da Costa,Marcelo Brum,Deputado,PSL,RS,Marcelobrumdep,1115963124992102401,
204429,João Henrique De Andrade Lima Campos,João H. Campos,Deputado,PSB,PE,JoaoCampos,1112804630453501953,id354452078324576
204376,Luiz Armando Schroeder Reis,Coronel Armando,Deputado,PSL,SC,cel_armando,1111798526269374464,id158981268130749
204462,Christine Nogueira Dos Reis Tonietto,Chris Tonietto,Deputado,PSL,RJ,ToniettoChris,1110626741314306049,id1719701718110409
206231,João Batista Conti,Ted Conti,Deputado,PSB,ES,tedcontioficial,1110248327281553408,
204517,Jose Vitor De Resende Aguiar,Zé Vitor,Deputado,PL,MG,ze_mg,1109847094649671692,
204360,Silvia Cristina Amancio Chagas,Silvia Cristina,Deputado,PDT,RO,silviacristinax,1106345329723609088,
204479,Antonio Carlos Nicoletti,Nicoletti,Deputado,PSL,RR,depnicoletti,1105168768781684739,id655325108158382
90201,Pedro Augusto Geromel Bezerra De Menezes,Pedro Augusto Bezerra,Deputado,PTB,CE,PedroABezerra,1103092964333666304,id490298884771598
109429,Luiz Benes Leocadio De Araujo,Benes Leocádio,Deputado,REPUBLICANOS,RN,BenesLeocadioRN,1099003656064643073,id441909642926570
204512,Marcelo Eduardo Freitas,Delegado Marcelo Freitas,Deputado,PSL,MG,DelegadoFreitas,1098981858321276929,id757066351146555
204367,Daniel Costa De Freitas,Daniel Freitas,Deputado,PSL,SC,DFDanielFreitas,1097498693719199744,id462290793781379
204533,Antonio Idilvan De Lima Alencar,Idilvan Alencar,Deputado,PDT,CE,IdilvanAlencar,1095754303367720960,id224968724875918
204550,Antônio Luiz Rodrigues Mano Júnior,Júnior Mano,Deputado,PL,CE,juniormanodep,1095696286974652422,id1943714345861625
204471,Cylmara Fernandes Da Rocha Gripp,Mara Rocha,Deputado,PSDB,AC,mararocha4545,1093832445210882050,id280207712721855
3806,José da Cruz Marinho,Zequinha Marinho,Senador,PSC,PA,zequinhamarinho,1093223195258298368,id2061816164089186
204400,Aline Sleutjes,Aline Sleutjes,Deputado,PSL,PR,alinesleutjes,1092923774184407040,id705334576185564
204518,Frederico De Castro Escaleira,Dr. Frederico,Deputado,PATRIOTA,MG,DrFredericoMG,1092903073608024069,id167306944111245
204358,Humberto Rezende Pereira,Beto Pereira,Deputado,PSDB,MS,BetoPereiraMS,1092816222012534784,id304158673086753
204511,David Bezerra Ribeiro Soares,David Soares,Deputado,DEM,SP,davidbrsoares,1092518384657461248,id306768639382744
5502,Francisco Plínio Valério Tomaz,Plínio Valério,Senador,PSDB,AM,PlinioValerio45,1091691201844207617,
204451,Antônio Da Luz Furtado,Delegado Antônio Furtado,Deputado,PSL,RJ,DelegadoFurtado,1091410188110831616,id727938674013176
204468,Joenia Batista De Carvalho,Joenia Wapichana,Deputado,REDE,RR,JoeniaWapichana,1091313179152576512,id272526436678387
204368,Fábio Luiz Schiochet Filho,Fabio Schiochet,Deputado,PSL,SC,deputadofabiosc,1090946683654062081,id170603770285449
204354,Flávia Carolina Péres,Flávia Arruda,Deputado,PL,DF,FlaviaArrudaDF,1090726954335125504,id1479932885589807
204547,Eliel Márcio Do Carmo,Léo Motta,Deputado,PSL,MG,leomotta_ofc,1089227529897066496,id1511147329109988
5926,Luiz Cantuária Barreto,Lucas Barreto,Senador,PSD,AP,LucasBarreto_AP,1088605254122377218,id274851776445620
198783,Emanuel Pinheiro Da Silva Primo,Emanuel Pinheiro Neto,Deputado,PTB,MT,emanuelzinhomt,1087326506559389696,id2003436826373367
5557,Mailza Assis da Silva,Mailza Gomes,Senador,PP,AC,MailzaGomes,1083696419138162688,
204531,Guilherme Muraro Derrite,Guilherme Derrite,Deputado,PP,SP,capitaoderrite,1081517956964802561,id546286218728460
204431,Marcos Aurélio  Pádua Ribeiro Gonçalves De Sampaio,Marcos Aurélio Sampaio,Deputado,MDB,PI,MarcosA_Sampaio,1080911369447399430,id1801195713329254
5929,Selma Rosane Santos Arruda,Juíza Selma,Senador,PODEMOS,MT,SenadoraSelma,1079371559184277504,id556444774742274
5639,Guaracy Batista da Silveira,Guaracy Silveira,Senador,PSL,TO,SilveiraGuaracy,1078051356991258624,
178843,Marx Beltrão Lima Siqueira,Marx Beltrão,Deputado,PSD,AL,MarxBeltrao,1074651587140902913,id453491971360371
204382,Loester Carlos Gomes De Souza,Loester Trutis,Deputado,PSL,MS,LTrutis,1071160842543136769,id1738245342858207
204570,Gildenemir De Lima Sousa,Gildenemyr,Deputado,PL,MA,DGildenemyr,1067790946090315776,id600776280271712
5718,Eliziane Pereira Gama Melo,Eliziane Gama,Senador,CIDADANIA,MA,elizianegama,106134926,id837707072929819
204370,Celio Alves De Moura,Célio Moura,Deputado,PT,TO,CelioMouraTO,1060595412309041154,
204524,Antônio Pinheiro Neto,Pinheirinho,Deputado,PP,MG,pinheirinhomg,1060134845043666945,id393428077515241
204393,Antonio Ribeiro,Frei Anastacio Ribeiro,Deputado,PT,PB,freianastaciopt,1057644576918462464,id730889380623744
204365,Gilson Marques Vieira,Gilson Marques,Deputado,NOVO,SC,gilsonmarques30,1057602315664924673,id1931989763744839
81297,Soraya De Souza Mannato,Dra. Soraya Manato,Deputado,PSL,ES,DraManato,1052278385987244034,id197504777788137
204435,Jesus Sergio De Menezes,Jesus Sérgio,Deputado,PDT,AC,jesussergioac,1051687837018533888,id198351500798968
5953,Fabiano Contarato,Fabiano Contarato,Senador,REDE,ES,ContaratoSenado,1050121324436307970,id783999288312445
204490,Charlles Thomacelli Evangelista,Charlles Evangelista,Deputado,PSL,MG,charllesevg,1050022141440270336,id618352678230929
204495,Airton Luiz Faleiro,Airton Faleiro,Deputado,PT,PA,FaleiroAirton,1037384667836637185,id247815045422756
204458,Fabiana Silva De Souza Poubel,Major Fabiana,Deputado,PSL,RJ,majorfabiana46,1035268511055196160,id655681851469144
204397,Emerson Miguel Petriv,Boca Aberta,Deputado,PROS,PR,BocaAbertaOf,1031914738933018624,
204446,Joziel Ferreira Carlos,Professor Joziel,Deputado,PSL,RJ,professorjoziel,1030551918127529990,id894000897416455
121948,Adriano Antônio Avelar,Adriano do Baldy,Deputado,PP,GO,adrianodobaldy,1030097176293195776,id924601577651630
4545,Jarbas de Andrade Vasconcelos,Jarbas Vasconcelos,Senador,MDB,PE,Jarbas156,1029339033699332096,id244015588958951
5959,Eann Styvenson Valentim Mendes,Styvenson Valentim,Senador,PODEMOS,RN,SenStyvenson,1028691208137322496,id729392980520143
74159,Odair José Da Cunha,Odair Cunha,Deputado,PT,MG,odaircunhamg,1028376918540906498,id201991609984528
207176,Beatriz Rosalia Ribeiro Cavassa De Oliveira,Bia Cavassa,Deputado,PSDB,MS,BiaCavassa,1027646616076013570,
204482,Euclydes Marcos Pettersen Neto,Euclydes Pettersen,Deputado,PSC,MG,EuclydesPetter,1027187280438546433,id204233796884577
204565,Dayane Jamille Carneiro Dos Santos Pimentel,Professora Dayane Pimentel,Deputado,PSL,BA,deppimentel,1026636587298443265,id302075393510786
5783,Zenaide Maia Calado Pereira dos Santos,Zenaide Maia,Senador,PROS,RN,zenaidern,1025870063461720064,id1463458067229810
345,Flávio José Arns,Flávio Arns,Senador,REDE,PR,arnsflavio,1025461618493276160,
204529,Katia Da Silva Sastre,Policial Katia Sastre,Deputado,PL,SP,katiasastre,1025446161166024704,id1055721444583776
3777,Carlos Eduardo Torres Gomes,Eduardo Gomes,Senador,MDB,TO,eduardogomesto,102444270,id1451173408475206
5976,Luis Eduardo Grangeiro Girão,Eduardo Girão,Senador,PODEMOS,CE,edugiraooficial,1024403315164160000,id486914985073732
178924,Fabio Abreu Costa,Capitão Fábio Abreu,Deputado,PL,PI,fabioabreuofc,1024385363928932352,id754507077922852
204569,Pablo Oliva Souza,Delegado Pablo,Deputado,PSL,AM,delegadopablo_,1019959604971802625,id1414301995348590
5924,Oriovisto Guimaraes,Oriovisto Guimarães,Senador,PODEMOS,PR,Sen_Oriovisto,1007612404484726784,id2078856135695787
204534,Tabata Claudia Amaral De Pontes,Tabata Amaral,Deputado,PDT,SP,tabataamaralsp,1001251931812220928,id201596403728972
204413,Alcides Rodrigues Filho,Alcides Rodrigues,Deputado,PATRIOTA,GO,,,id314951562595058
204564,Anderson Machado De Jesus,Igor Kannário,Deputado,DEM,BA,,,id309796436085284
74471,André Carlos Alves De Paula Filho,André de Paula,Deputado,PSD,PE,,,id170967903096207
178831,Andre Dos Santos Abdon,André Abdon,Deputado,PP,AP,,,id853785441352661
74212,Aníbal Ferreira Gomes,Aníbal Gomes,Deputado,DEM,CE,,,
212625,Antonio Elizabeth Gonçalo De Sousa,Dr. Gonçalo,Deputado,REPUBLICANOS,MA,,,
160553,Antonio Luiz Paranhos Ribeiro Leite De Brito,Antonio Brito,Deputado,PSD,BA,,,id350534811763516
152610,Benedito Roberto Alves Ferreira,Roberto Alves,Deputado,REPUBLICANOS,SP,,,id798681053542019
135054,Cristiano Dutra Vale,Cristiano Vale,Deputado,PL,PA,,,id239803006861332
160552,Danrlei De Deus Hinterholz,Danrlei de Deus Hinterholz,Deputado,PSD,RS,,,id128207973912311
160588,Diego Leonardo De Andrade Carvalho,Diego Andrade,Deputado,PSD,MG,,,id488020057942864
204421,Ednace Alves Silvestre Henrique,Edna Henrique,Deputado,PSDB,PB,,,id207736499757938
204537,Enrico Van Blarcum De Graaff Misasi,Enrico Misasi,Deputado,PV,SP,,,id165432287646099
204445,Fernando Wanderley Vargas Da Silva,Fernando Mineiro,Deputado,PT,RN,,,id326589317375630
160642,Francisco Eurico Da Silva,Pastor Eurico,Deputado,PATRIOTA,PE,,,id203543366481082
178922,Francisco Tadeu Barbosa De Alencar,Tadeu Alencar,Deputado,PSB,PE,,,id1494712497406878
115746,Gelson De Azevedo Almeida,Gelson Azevedo,Deputado,PL,RJ,,,id634950393544138
198197,Greyce De Queiroz Elias,Greyce Elias,Deputado,AVANTE,MG,,,id1433103303568739
204465,Haroldo Alves Campos,Haroldo Cathedral,Deputado,PSD,RR,,,id2101610110080697
178839,Jessica Rojas Sales,Jéssica Sales,Deputado,MDB,AC,,,
141458,João Carlos Paolilo Bacelar Filho,João Carlos Bacelar,Deputado,PL,BA,,,id630006647069241
204378,Joao Chrisóstomo De Moura,Coronel Chrisóstomo,Deputado,PSL,RO,,,id997522136945101
204497,João Ferrari Júnior,Júnior Ferrari,Deputado,PSD,PA,,,id842245655790289
112437,João Marcelo Santos Souza,João Marcelo Souza,Deputado,MDB,MA,,,id1648893302002419
204574,Jose Lourenço Bomfim Junior,Junior Lourenço,Deputado,PL,MA,,,id239244869511517
204355,Josias Mario Da Vitoria,Da Vitoria,Deputado,CIDADANIA,ES,,,id499520976775813
204474,Juarez Alves Da Costa,Juarez Costa,Deputado,MDB,MT,,,id2033526680291109
204351,Luiz Alberto Ovando,Dr. Luiz Ovando,Deputado,PSL,MS,,,id445813468815386
178853,Luiz Carlos Caetano,Caetano,Deputado,PT,BA,,,
133810,Marcelo Pires Moraes,Marcelo Moraes,Deputado,PTB,RS,,,id1888377008077139
178983,Marcio Luiz Alvino De Souza,Marcio Alvino,Deputado,PL,SP,,,id620314628044090
204489,Marcos Roberio Ribeiro Monteiro,Robério Monteiro,Deputado,PDT,CE,,,
212749,Marcus Welber Gomes Da Silva,Marcão Gomes,Deputado,PL,RJ,,,
204432,Marina Santos Batista Dias,Marina Santos,Deputado,SOLIDARIEDADE,PI,,,id197969200917697
66179,Norma Ayub Alves,Norma Ayub,Deputado,DEM,ES,,,id217565111759515
204363,Osires Rodrigues Damaso,Osires Damaso,Deputado,PSC,TO,,,id323794244660496
204521,Paulo Sergio Abou Anni,Abou Anni,Deputado,PSL,SP,,,id164881476980537
213274,Ricardo Augusto Machado Da Silva,Ricardo Silva,Deputado,PSB,SP,,,
204437,Severino De Lira Pessôa,Severino Pessoa,Deputado,REPUBLICANOS,AL,,,id222828721560501
160591,Vinicius De Azevedo Gurgel,Vinicius Gurgel,Deputado,PL,AP,,,id289160704429225
204505,Wagner Bach Martins,Vavá Martins,Deputado,REPUBLICANOS,PA,,,id774643415950130
5615,Gilberto Piselo do Nascimento,Gilberto Piselo,Senador,PDT,RO,,,
5849,Jose Amauri P. de Araújo,José Amauri,Senador,PODEMOS,PI,,,
5561,Renilde Silva Bulhões Barros,Renilde Bulhões,Senador,PROS,AL,,,
5635,Ricardo Barreto Franco,Ricardo Franco,Senador,DEM,SE,,,
6005,Jose Wilson Siqueira Campos,Siqueira Campos,Senador,DEM,TO,,,
5619,Thieres Pinto de Mesquita Filho,Thieres Pinto,Senador,PTB,RR,,,
4786,Virginio José de Carvalho Neto,Virginio de Carvalho,Senador,PSC,SE,,,
204369,Caroline Rodrigues De Toni,Caroline de Toni,Deputado,PSL,SC,CarolDeToni,4566967516,id1041603412575627
74537,Cláudio Cajado Sampaio,Claudio Cajado,Deputado,PP,BA,deputadocajado,4439813068,id1638752696387328
178946,Soraya Alencar Dos Santos,Soraya Santos,Deputado,PL,RJ,sorayasantos,4052741685,id302189129958774
178954,Lucio Antonio Mosquini,Lucio Mosquini,Deputado,MDB,RO,luciomosquini,3996486033,id448316011988466
178830,Sinval Malheiros Pinto Júnior,Dr. Sinval Malheiros,Deputado,PODE,SP,SinvalMalheiros,3817390408,
204476,João Francisco Inácio Brazão,Chiquinho Brazão,Deputado,AVANTE,RJ,brazaochiquinho,3385140125,id564150546986457
178959,Hiran Manuel Goncalves Da Silva,Hiran Gonçalves,Deputado,PP,RR,deputadohiran,3345837298,id1460558354166610
178874,Antonio Sergio Alves Vidigal,Sergio Vidigal,Deputado,PDT,ES,vidigalsergio,3315236400,id952849801440316
74079,José Benito Priante Júnior,José Priante,Deputado,MDB,PA,priante,3305760711,id377987085597403
178882,Andre Luiz Carvalho Ribeiro,André Fufuca,Deputado,PP,MA,depandrefufuca,3254270357,id474257199269888
178982,Luiz Lauro Ferreira Filho,Luiz Lauro Filho,Deputado,PSDB,SP,luizlaurofilho,3225019649,
204504,Antonio Cezar Correia Freire,Cezinha de Madureira,Deputado,PSD,SP,Czmadureira,3174212523,id1401978510018003
204439,Leonardo Ribeiro Albuquerque,Dr. Leonardo,Deputado,SOLIDARIEDADE,MT,drleonardomt,3131609429,
178994,Dulce Ferreira Pagani Miranda,Dulce Miranda,Deputado,MDB,TO,dulcemiranda_to,3100210277,id794959433858802
178992,Vitor Lippi,Vitor Lippi,Deputado,PSDB,SP,depvitorlippi,3092560931,id158894974200303
141408,Cleber Verde Cordeiro Mendes,Cleber Verde,Deputado,REPUBLICANOS,MA,cleberverde10,3092387621,id2078944365512912
204572,Alberto Barros Cavalcante Neto,Capitão Alberto Neto,Deputado,REPUBLICANOS,AM,cavalcantecta_n,3026187358,id865232070270799
204405,Liziane Bayer Da Costa,Liziane Bayer,Deputado,PSB,RS,lizianebayer,3021326308,id374498339306404
178961,Shéridan Estérfany Oliveira,Shéridan,Deputado,PSDB,RR,depsheridan,3012509787,id529548870507145
204426,José Carlos Veras Dos Santos,Carlos Veras,Deputado,PT,PE,carlosveraspt,3010698441,id1786634154947205
204391,José Nelto Lagares Das Mercez,José Nelto,Deputado,PODE,GO,depjosenelto,2995610423,id1592321727682595
178886,Jose Juscelino Dos Santos Rezende Filho,Juscelino Filho,Deputado,DEM,MA,depjuscelino,2970617333,id1464829283764986
73433,Arlindo Chignalia Junior,Arlindo Chinaglia,Deputado,PT,SP,depchinaglia,2970239037,id1390272641222659
74574,Paulo Sérgio Paranhos De Magalhães,Paulo Magalhães,Deputado,PSD,BA,paulo_psd,2876496689,
204416,Ubiratan Antunes Sanderson,Sanderson,Deputado,PSL,RS,DepSanderson,2767167039,id199184673968117
204566,Antonio Da Cruz Filgueira Neto,Marreca Filho,Deputado,PATRIOTA,MA,juniormarreca,2728679039,
178832,Leandre Dal Ponte,Leandre,Deputado,PV,PR,leandredaideal,2717921706,id385165124939643
178953,Expedito Goncalves Ferreira Netto,Expedito Netto,Deputado,PSD,RO,netto_expedito,2717313965,id1474031142828443
178879,Lucas De Castro Santos,Lucas Vergilio,Deputado,SOLIDARIEDADE,GO,vergiliolucas77,2717062461,id504537839674054
178928,Christiane De Souza Yared,Christiane de Souza Yared,Deputado,PL,PR,christianeyared,2708308806,id1517659225184185
178876,Celio Antonio Da Silveira,Célio Silveira,Deputado,PSDB,GO,csilveira4599,2698476325,id627331587415618
212504,Fernando Borja Pinto,Fernando Borja,Deputado,Avante,MG,fernandoborjabh,2677642182,
178986,Nilto Ignacio Tatto,Nilto Tatto,Deputado,PT,SP,niltotatto,2674564802,id311887468974835
178866,Luizianne De Oliveira Lins,Luizianne Lins,Deputado,PT,CE,luizianne13pt,2666819714,id330300883714439
178881,Aluisio Guimarães Mendes Filho,Aluisio Mendes,Deputado,PSC,MA,aluisiomendesma,2654800357,id334810013335023
178908,Eder Mauro Cardoso Barra,Delegado Éder Mauro,Deputado,PSD,PA,edermauropa,2632802395,id388811064617464
178896,Newton Cardoso Junior,Newton Cardoso Jr,Deputado,MDB,MG,newton1510,2613918878,id650863341637642
178833,Alexandre Augustus Serfiotis,Alexandre Serfiotis,Deputado,PSD,RJ,aleserfiotis,2613514056,id539267906164443
178857,Jorge Jose Santos Pereira Solla,Jorge Solla,Deputado,PT,BA,depjorgesolla,2605560932,id800887096597818
178984,Miguel Moubadda Haddad,Miguel Haddad,Deputado,PSDB,SP,miguelmhaddad,2593241394,
204444,Helio Fernando Barbosa Lopes,Helio Lopes,Deputado,PSL,RJ,depheliolopes,2585621855,id517712008679531
74478,Luciano Caldas Bivar,Luciano Bivar,Deputado,PSL,PE,bivar1717,2548083266,id1936584456566504
204560,Adolfo Viana De Castro Neto,Adolfo Viana,Deputado,PSDB,BA,adolfoviana_,2531327868,id1299447983450182
92699,Fernando Monteiro De Albuquerque,Fernando Monteiro,Deputado,PP,PE,fmonteiroPE,2525371838,id617414551660433
204467,Rosa Neide Sandes De Almeida,Professora Rosa Neide,Deputado,PT,MT,prof_rosaneide,2523520542,id2103554259677870
204549,Antonio Jose Aguiar Albuquerque,AJ Albuquerque,Deputado,PP,CE,antonio_albuque,2496505466,id163911517374476
204484,Roberto Sebastião Peternelli Junior,General Peternelli,Deputado,PSL,SP,genpeternelli,2491980048,id1432124833712305
205535,Patricia Lima Ferraz,Patricia Ferraz,Deputado,PODE,AP,PatriciaLFerraz,2491571526,
205548,David Michael Dos Santos Miranda,David Miranda,Deputado,PSOL,RJ,davidmirandario,2479861125,
178861,Ronaldo Carletto,Ronaldo Carletto,Deputado,PP,BA,ronaldocarletto,2458225327,id636192333121270
178921,Sebastiao Ignacio De Oliveira Junior,Sebastião Oliveira,Deputado,PL,PE,sebastiao_os,2433556256,id327809493986518
204452,Márcio Da Silveira Labre,Márcio Labre,Deputado,PSL,RJ,marciolabre,2401917402,id461487867568300
160610,Valmir Carlos Da Assunção,Valmir Assunção,Deputado,PT,BA,depvalmir,2327900299,id132788450089945
178997,Moses Haendel Melo Rodrigues,Moses Rodrigues,Deputado,MDB,CE,depfederalmoses,2217650233,id689234604459715
178970,Joao Somariva Daniel,João Daniel,Deputado,PT,SE,joaodanielPT,2214964776,id420180604673755
141508,Mauro Nazif Rasul,Mauro Nazif,Deputado,PSB,RO,mauronazifrasul,2209518019,id571065382951964
141405,Celso Maldaner,Celso Maldaner,Deputado,MDB,SC,maldaner_celso,2209064699,id188872781277784
204486,Carlos Mauro Benevides Filho,Mauro Benevides Filho,Deputado,PDT,CE,deputadomaurobf,2201810353,id1432229983657475
74459,Átila Freitas Lira,Átila Lira,Deputado,PP,PI,deputadoatila,2196797885,id457829930992678
74305,Roberto Soares Pessoa,Roberto Pessoa,Deputado,PSDB,CE,robertopessoace,2165160385,id607536689297357
204386,Jose Mario Schreiner,Jose Mario Schreiner,Deputado,DEM,GO,ZeMarioGO,1932531692,id129661170725385
66828,Fausto Ruy Pinato,Fausto Pinato,Deputado,PP,SP,faustopinato,1907851698,id415124335529300
178943,Marcos Bezerra Ribeiro Soares,Marcos Soares,Deputado,DEM,RJ,marcossoaresdep,1729247352,
74270,Gilberto Nascimento Silva,Gilberto Nascimento,Deputado,PSC,SP,gilbertopsc20,1665473502,id417313621741481
204423,André Ferreira Rodrigues,André Ferreira,Deputado,PSC,PE,andrepsc20,1645367078,id345425238826528
178962,Antonio Carlos Gomes Da Silva,Carlos Gomes,Deputado,REPUBLICANOS,RS,carlosgomesdep,1546427636,id212265828905225
178981,Herculano Castilho Passos Junior,Herculano Passos,Deputado,MDB,SP,herculanopassos,1517392862,id484137231655181
204536,Kim Patroca Kataguiri,Kim Kataguiri,Deputado,DEM,SP,kimpkat,1494658207,id833053646745836
178854,Elmar Jose Vieira Nascimento,Elmar Nascimento,Deputado,DEM,BA,depelmar,1473497839,id1475414669371697
204375,Leda Maria Sadala Brito,Leda Sadala,Deputado,AVANTE,AP,ledasadala,1378358642,id184298072237044
178889,José Carlos Nunes Júnior,Zé Carlos,Deputado,PT,MA,dep_zecarlospt,1325494376,id119993288189390
207309,Eneias José Dos Reis,Enéias Reis,Deputado,PSL,MG,DepEneiasReis,1312148526,
204356,Amaro Rocha Nascimento Neto,Amaro Neto,Deputado,REPUBLICANOS,ES,amaronetotv,1294888513,id368704519884205
204359,Leonardo Barreto De Moraes,Léo Moraes,Deputado,PODE,RO,dep_leomoraes,1198081352,id1011341455639868
195866,Francisco Vaidon Oliveira,Vaidon Oliveira,Deputado,PROS,CE,vaidonoliveira,1136855348,
204469,Manuel Marcos Carvalho De Mesquita,Manuel Marcos,Deputado,REPUBLICANOS,AC,PrManuelMarcos,1060814570,id396113810473968
141335,José Roberto Oliveira Faro,Beto Faro,Deputado,PT,PA,betofaropt,988250780,id1436403659922521
178930,Evandro Rogerio Roman,Roman,Deputado,PSD,PR,roman_evandro,983826895,
204525,Rosana De Oliveira Valle,Rosana Valle,Deputado,PSB,SP,DepRosanaValle,878919354,id238761896484083
204381,Luis Claudio Fernandes Miranda,Luis Miranda,Deputado,DEM,DF,LuisMirandaUSA,867007381,id1496677140634911
160976,Francisco Everardo Tiririca Oliveira Silva,Tiririca,Deputado,PL,SP,tiriricanaweb,813437130,
178920,Ricardo Teobaldo Cavalcanti,Ricardo Teobaldo,Deputado,PODE,PE,psdbricardo45,714886848,id1499477190264031
204357,Rosiane Modesto  De Oliveira,Rose Modesto,Deputado,PSDB,MS,rosemodestoms,632251844,id194227587378355
204488,Celio Studart Barbosa,Célio Studart,Deputado,PV,CE,celiostudart,631667943,id143803862450980
178969,Fabio Cruz Mitidieri,Fábio Mitidieri,Deputado,PSD,SE,depfmitidieri,630758039,id668823956526400
171619,Maria Margarida Martins Salomão,Margarida Salomão,Deputado,PT,MG,jfmargarida,626725650,id282770348496898
204487,Wagner Sousa Gomes,Capitão Wagner,Deputado,PROS,CE,capitao_wagner,624977201,id338601016235780
160508,Afonso Bandeira Florence,Afonso Florence,Deputado,PT,BA,afonsoflorence,599427558,id355172881251380
204538,Paulo Eduardo Maestri Bengtson,Paulo Bengtson,Deputado,PTB,PA,PauloBengtson,585762688,id476482176114272
204513,José Guilherme Negrão Peixoto,Guiga Peixoto,Deputado,PSL,SP,zeguilherme_10,566699152,id235096606936207
204540,Maria Do Parto Mendes Rosas,Maria Rosas,Deputado,REPUBLICANOS,SP,mariarosassp,554803332,id162546520582060
160545,Alexandre Leite Da Silva,Alexandre Leite,Deputado,DEM,SP,lexandreleite,541058234,id203088656460254
204554,Jose Abilio Silva De Santana,Abílio Santana,Deputado,PL,BA,AbilioSantana_,498490937,
160534,Lauriete Rodrigues De Jesus,Lauriete,Deputado,PL,ES,depfedlauriete,485963392,id144005945803151
204509,Áurea Carolina De Freitas E Silva,Áurea Carolina,Deputado,PSOL,MG,aureacarolinax,477166288,id284780545201205
204372,Julio Cesar Ribeiro,Julio Cesar Ribeiro,Deputado,REPUBLICANOS,DF,JulioCesarRib,459681629,id282481151854972
178989,Renata Hellmeister De Abreu,Renata Abreu,Deputado,PODE,SP,RenataAbreu1919,441108081,id1433929133492494
178993,Carlos Henrique Amorim,Carlos Henrique Gaguim,Deputado,DEM,TO,carlos_gaguim,423706952,id406853466072459
204573,Otto Roberto Mendonça De Alencar Filho,Otto Alencar Filho,Deputado,PSD,BA,OttoAlencarFilh,374759113,id141792789928342
178964,Heitor Jose Schuch,Heitor Schuch,Deputado,PSB,RS,heitorschuch,362474640,id212423668965384
204374,Beatriz Kicis Torrents De Sordi,Bia Kicis,Deputado,PSL,DF,biakicis,357030742,id522420381257862
178996,Giovani Batista Feltes,Giovani Feltes,Deputado,MDB,RS,giovanifeltes,334238048,id1475165656048670
179587,Vitor Hugo De Araujo Almeida,Vitor Hugo,Deputado,PSL,GO,majorvitorhugo,332324517,id577255795999910
204441,Otoni Moura De Paulo Junior,Otoni de Paula,Deputado,PSC,RJ,OtoniDepFederal,330770436,id190411254444841
204498,Olival Henrique Marques De Souza,Olival Marques,Deputado,DEM,PA,olivalmarques,330327470,id235062426703649
178933,Sergio De Souza,Sergio Souza,Deputado,MDB,PR,_sergiosouza,317973567,id533495260042236
204364,Eli Dias Borges,Eli Borges,Deputado,SOLIDARIEDADE,TO,elidiasborges,309301912,id306453382750931
204478,Vinicius Medeiros Farah,Vinicius Farah,Deputado,MDB,RJ,vinicius_farah,308685714,id569212716487683
178987,Orlando Silva De Jesus Junior,Orlando Silva,Deputado,PCdoB,SP,orlandosilva,304092926,id397405070321390
178858,Mario Silvio Mendes Negromonte Junior,Mário Negromonte Jr.,Deputado,PP,BA,depmariojr,301073715,id575263439225940
178947,Sostenes Silva Cavalcante,Sóstenes Cavalcante,Deputado,DEM,RJ,depsostenes,298308683,id175865939276344
204398,Luis Felipe Bonatto Francischini,Felipe Francischini,Deputado,PSL,PR,ffrancischini_,290475286,id299601453506451
204366,Rodrigo Coelho,Rodrigo Coelho,Deputado,PSB,SC,coelho_rodrigo,290204659,id396026580517437
164359,Waldir Soares De Oliveira,Delegado Waldir,Deputado,PSL,GO,delegado_waldir,288735634,id306388799493851
204403,Marlon Arator Santos Da Rosa,Marlon Santos,Deputado,PDT,RS,deputado_marlon,284596798,id1909791885961077
160653,Roberto Alves De Lucena,Roberto de Lucena,Deputado,PODE,SP,robertodelucena,279108848,id234504343286488
178929,Diego Alexsander Goncalo Paula Garcia,Diego Garcia,Deputado,PODE,PR,diegogarciapr,273616279,id314213892042373
178951,Rafael Huete Da Motta,Rafael Motta,Deputado,PSB,RN,RafaelMottaRN,271212223,id151576364966353
178901,Tereza Cristina Correa Da Costa Dias,Tereza Cristina,Deputado,DEM,MS,terezacrisms,270399607,id436888273049888
204353,Aline Paranhos Varonil Gurgel,Aline Gurgel,Deputado,REPUBLICANOS,AP,dep_alinegurgel,267981392,id292264857621991
160512,Aureo Lidio Moreira Ribeiro,Aureo Ribeiro,Deputado,SOLIDARIEDADE,RJ,AureoRibeiroRJ,267467458,id187682584611376
160599,Dimas Fabiano Toledo Júnior,Dimas Fabiano,Deputado,PP,MG,depdimasfabiano,266796646,id206365432837539
92776,Stefano Aguiar Dos Santos,Stefano Aguiar,Deputado,PSD,MG,depstefano,263115457,id131244790380241
179000,Marcelo Henrique Teixeira Dias,Marcelo Álvaro Antônio,Deputado,PSL,MG,marceloalvaroan,261007129,id931215210253332
204553,Manoel Isidorio De Santana Junior,Pastor Sargento Isidório,Deputado,AVANTE,BA,pastorisidorio,255510720,id1642363142681223
204387,Gilson Cardoso Fahur,Sargento Fahur,Deputado,PSD,PR,sargentofahur,255300173,id904831756306971
204485,Luiz Carlos Motta,Luiz Carlos Motta,Deputado,PL,SP,lcm_motta,253966320,id196025943931014
204480,Rogério Correia De Moura Baptista,Rogério Correia,Deputado,PT,MG,rogeriocorreia_,245392082,id286648849567
204442,João Carlos Soares Gurgel,Gurgel,Deputado,PSL,RJ,depgurgel,245320150,id262677440504362
74356,Silas Câmara,Silas Câmara,Deputado,REPUBLICANOS,AM,silascamara_,243018634,id287239394648019
204411,Filipe Barros Baptista De Toledo Ribeiro,Filipe Barros,Deputado,PSL,PR,filipebarrost,225925013,id239800806402562
204551,João Bosco Gomes Saraiva,Bosco Saraiva,Deputado,SOLIDARIEDADE,AM,boscosaraiva,221399756,id115202802000022
204453,Natália Bastos Bonavides,Natália Bonavides,Deputado,PT,RN,natbonavides,203332874,id301106093563904
204557,Sidney Ricardo De Oliveira Leite,Sidney Leite,Deputado,PSD,AM,leitesidney,193503628,id489383607761535
204481,Jaziel Pereira De Sousa,Dr. Jaziel,Deputado,PL,CE,drjaziel,192775491,id689713134498557
160641,Marcivania Do Socorro Da Rocha Flexa,Professora Marcivania,Deputado,PCdoB,AP,profmarcivania,184543392,id820411221317089
134812,Edmilson Brito Rodrigues,Edmilson Rodrigues,Deputado,PSOL,PA,edmilsonpsol,183634894,id267683643272117
178842,Joao Henrique Holanda  Caldas,Jhc,Deputado,PSB,AL,JHC_40,182143709,id375940632464690
204567,Raimundo Magalhães Costa,Raimundo Costa,Deputado,PL,BA,raimundocostas,180006847,id1964028583630362
141427,Fábio Augusto Ramalho Dos Santos,Fábio Ramalho,Deputado,MDB,MG,_fabinhoramalho,177629567,
160531,Johnathan Pereira De Jesus,Jhonatan de Jesus,Deputado,REPUBLICANOS,RR,jhonatan_djesus,177204213,id179868982071153
154178,Milton Vieira Pinto,Milton Vieira,Deputado,REPUBLICANOS,SP,MiltonVieiraOfc,176920334,id125758354680348
141513,Olavo Bilac Pinto Neto,Bilac Pinto,Deputado,DEM,MG,bilac_pinto,176912622,id700540596632818
204447,Flordelis Dos Santos De Souza,Flordelis,Deputado,PSD,RJ,Flordelismk,176481688,id411572872310624
204399,Jose Carlos Schiavinato,Schiavinato,Deputado,PP,PR,schiavinato_,172009990,id825435330823531
160558,Paulo Roberto Freire Da Costa,Paulo Freire Costa,Deputado,PL,SP,df_paulofreire,169768074,id200801366622612
74571,Nelson Vicente Portela Pellegrino,Nelson Pellegrino,Deputado,PT,BA,nelsonpelegrino,169640511,id115817631832570
160532,Adriano Eli Corrêa,Eli Corrêa Filho,Deputado,DEM,SP,assessoria2577,169170611,id289932741037155
204463,Wladimir Barros Assed Matheus De Oliveira,Wladimir Garotinho,Deputado,PSD,RJ,WladGarotinho,168360473,id289873757814160
178934,Antonio Wandscheer,Toninho Wandscheer,Deputado,PROS,PR,deputadotoninho,166417133,id301814029885718
178966,Geovânia De Sá,Geovania de Sá,Deputado,PSDB,SC,geovaniadesa,165936805,id209760195874244
133439,André Peixoto Figueiredo Lima,André Figueiredo,Deputado,PDT,CE,andrepdt12,165922194,id345829265488872
204502,Nicolino Bozzella Junior,Júnior Bozzella,Deputado,PSL,SP,bozzellajr,165267775,id698258676878679
204430,Margarete De Castro Coelho,Margarete Coelho,Deputado,PP,PI,margaretcoelho,163975944,id1389530231308188
161550,Emidio Alves Madeira Junior,Emidinho Madeira,Deputado,PSB,MG,emidinhomadeira,163546697,id781653925252644
204575,Gilliano Fred Nascimento Cutrim,Gil Cutrim,Deputado,PDT,MA,gilcutrim,163165805,id460851790686104
204436,Isnaldo Bulhoes Barros Junior,Isnaldo Bulhões Jr.,Deputado,MDB,AL,bulhoesjr,160760421,id1513764222043776
160621,Sandro Alex Cruz De Oliveira,Sandro Alex,Deputado,PSD,PR,sandroalex5555,160554168,id221883301230197
204392,Francisco Rodrigues Vale Junior,Francisco Jr.,Deputado,PSD,GO,franciscojr_go,159116494,id493537950659225
74554,José Alves Rocha,José Rocha,Deputado,PL,BA,joserocha_,158099363,id517073085162101
160517,Paulo Roberto Foletto,Paulo Foletto,Deputado,PSB,ES,deputadofoletto,157995216,id184948081656256
204472,Jose Antonio Dos Santos Medeiros,José Medeiros,Deputado,PODE,MT,josemedeirosmt,157226645,id312680748928001
141439,Francisco José D'angelo Pinto,Chico D'Angelo,Deputado,PDT,RJ,chico_dangelo,156372899,id599650263486865
178945,Rosangela De Souza Gomes,Rosangela Gomes,Deputado,REPUBLICANOS,RJ,rosangelasgomes,155586850,id824390270907057
74141,Josias Gomes Da Silva,Josias Gomes,Deputado,PT,BA,josiasgomesba,154327424,id208884825929448
178895,Misael Artur Ferreira Varella,Misael Varella,Deputado,PSD,MG,lael_varella,152990736,id420265928063107
204506,Marcos Antonio Pereira,Marcos Pereira,Deputado,REPUBLICANOS,SP,marcospereira04,149746462,id390881930977875
137070,Vicente Alves De Oliveira Junior,Vicentinho Júnior,Deputado,PL,TO,vicentinhojr,149013361,id628145183937458
146307,Neri Geller,Neri Geller,Deputado,PP,MT,nerigeller,148833226,id2268118040088348
74090,Átila Sidney Lins Albuquerque,Átila Lins,Deputado,PP,AM,Atila_Lins,148125241,id329607960409077
160669,Genecias Mateus Noronha,Genecias Noronha,Deputado,SOLIDARIEDADE,CE,depgenecias,147953290,id213910975288105
74262,Carlos Henrique Focesi Sampaio,Carlos Sampaio,Deputado,PSDB,SP,carlossampaio_,144936947,id157095474375284
159238,Marcus Vinícius Caetano Pestana Da Silva,Marcus Pestana,Deputado,PSDB,MG,marcus_pestana,143072413,
178925,Rejane Ribeiro Sousa Dias,Rejane Dias,Deputado,PT,PI,rejane_dias,142298842,id228793677312107
188097,Merlong Solano Nogueira,Merlong Solano,Deputado,PT,PI,merlongsolano,140413929,
178977,Eduardo Pedrosa Cury,Eduardo Cury,Deputado,PSDB,SP,eduardo_cury,138504441,id1504636423084640
204562,Edilazio Gomes Da Silva Junior,Edilázio Júnior,Deputado,PSD,MA,edilaziojunior,138250947,id699839630032981
204561,Ubirajara Do Pindaré Almeida Sousa,Bira do Pindaré,Deputado,PSB,MA,biradopindare,137548563,id219582141509970
178909,Helio Leite Da Silva,Hélio Leite,Deputado,DEM,PA,h_leite,136610321,id582396228542027
178931,Luciano Ducci,Luciano Ducci,Deputado,PSB,PR,lucianoducci,136004062,id409540602424777
204419,Glauskston Batista Rios,Glaustin Fokus,Deputado,PSC,GO,glaustinfokus,133692726,id166001994065417
204519,Tiago Lima Mitraud De Castro Leite,Tiago Mitraud,Deputado,NOVO,MG,TiagoMitraud,131517140,id193556557882741
204466,Tereza Nelma Da Silva Porto Viana Soares,Tereza Nelma,Deputado,PSDB,AL,terezanelma_,131215162,id514156245358687
171617,Paulo Fernando Dos Santos,Paulão,Deputado,PT,AL,paulaodopt,131004593,id250334068452972
205476,Charles Fernandes Silveira Santana,Charles Fernandes,Deputado,PSD,BA,CharlesGbi,130910658,
151208,Laercio José De Oliveira,Laercio Oliveira,Deputado,PP,SE,laerciofederal,130696242,id457224910969875
74156,José Leonardo Costa Monteiro,Leonardo Monteiro,Deputado,PT,MG,depleomonteiro,129837652,id116801535089439
204362,Ricardo Zanatta Guidi,Ricardo Guidi,Deputado,PSD,SC,ricardozguidi,127975238,id328393683976480
74273,Jefferson Alves De Campos,Jefferson Campos,Deputado,PSB,SP,depjefferson,125974569,id224476247605395
160645,Luiz Carlos Gomes Dos Santos Junior,Luiz Carlos,Deputado,PSDB,AP,DepLuizCarlos,125553515,id470780289637001
74749,Mauro Ribeiro Lopes,Mauro Lopes,Deputado,MDB,MG,depmaurolopes,125406448,id194409937899344
90842,Ronaldo Santini,Santini,Deputado,PTB,RS,dep_santini,124608756,
204500,Jose Eduardo Pereira Da Costa,Eduardo Costa,Deputado,PTB,PA,dep_eduardo,124330300,id720711267981848
204558,José Marcelo Do Nascimento Nilo,Marcelo Nilo,Deputado,PSB,BA,depmarcelonilo,124148802,id395976670456376
72442,Felipe Augusto Lyra Carreras,Felipe Carreras,Deputado,PSB,PE,felipecarreras,122184686,id685135528216748
68720,Fabio Henrique Santana De Carvalho,Fábio Henrique,Deputado,PDT,SE,fabiohenriquese,121734184,id459279477427452
178952,Walter Pereira Alves,Walter Alves,Deputado,MDB,RN,walteralvesrn,121425571,id283589601755460
160667,Guilherme Mussi Ferreira,Guilherme Mussi,Deputado,PP,SP,guilhermemussi,120240834,id120856188018045
74044,José Wilson Santiago,Wilson Santiago,Deputado,PTB,PB,wilsonsantiago_,119134919,id589572847728892
74317,Júlio César De Carvalho Lima,Júlio Cesar,Deputado,PSD,PI,DepJulioCesarPI,119115954,id632328833469006
204555,José Ricardo Wendling,José Ricardo,Deputado,PT,AM,ZeRicardoAM,119079224,id474726722595004
171623,Fabio De Almeida Reis,Fabio Reis,Deputado,MDB,SE,fabioreis1515,117091723,id553664537999202
204418,Luiz Goularte Alves,Luizão Goulart,Deputado,REPUBLICANOS,PR,luizaogoulart,116541810,id352566814808427
204546,Joice Cristina Hasselmann,Joice Hasselmann,Deputado,PSL,SP,joicehasselmann,116519514,id254514881287375
160535,Dionilso Mateus Marcon,Marcon,Deputado,PT,RS,depmarcon,115676753,id273904116113950
204425,Silvio Serafim Costa Filho,Silvio Costa Filho,Deputado,REPUBLICANOS,PE,silvio_cfilho,115657305,id140347022821700
178927,Aliel Machado Bark,Aliel Machado,Deputado,PSB,PR,alielmachado,115519533,id201044363357878
160556,João Carlos Siqueira,Padre João,Deputado,PT,MG,dep_padrejoao,113885149,id179856875529257
178910,Joaquim Passarinho Pinto De Souza Porto,Joaquim Passarinho,Deputado,PSD,PA,joaquimpassarin,113354511,id581146131947481
160619,José Nunes Soares,José Nunes,Deputado,PSD,BA,josenunesdep,113138687,id550026751729752
73531,Ivan Valente,Ivan Valente,Deputado,PSOL,SP,ivanvalente,112498734,id194174003960823
73586,Júlio César Delgado,Júlio Delgado,Deputado,PSB,MG,depjuliodelgado,111734703,id128747130644889
160672,Jean Wyllys De Matos Santos,Jean Wyllys,Deputado,PSOL,RJ,jeanwyllys_real,111123176,id163566147024734
160559,Alceu Moreira Da Silva,Alceu Moreira,Deputado,MDB,RS,alceu_moreira,111045942,id394517827279852
204532,Vinicius Lazzer Poit,Vinicius Poit,Deputado,NOVO,SP,viniciuspoit,110858508,id345383669175951
178860,Paulo Velloso Dantas Azi,Paulo Azi,Deputado,DEM,BA,pauloazi,110229251,id1494112327487143
164360,Carmen Emília Bonfá Zanotto,Carmen Zanotto,Deputado,CIDADANIA,SC,carmenzanotto,109366586,id129795707218499
160598,Flávia Carreiro Albuquerque Morais,Flávia Morais,Deputado,PDT,GO,depflaviamorais,109046897,id518889098214357
160674,Hugo Motta Wanderley Da Nóbrega,Hugo Motta,Deputado,REPUBLICANOS,PB,HugoMottaPB,108988113,id457745987599981
178835,Afonso Antunes Da Motta,Afonso Motta,Deputado,PDT,RS,afonso_motta,108736394,id621644487915715
143084,Tiago Braga Pereira,Tiago Dimas,Deputado,SOLIDARIEDADE,TO,tiago_dimas,108477540,id194222841161302
160589,Bruna Dias Furlan,Bruna Furlan,Deputado,PSDB,SP,depbrunafurlan,107136287,id367980806622995
74043,José Wellington Roberto,Wellington Roberto,Deputado,PL,PB,wr22,105766863,id335379036616986
204422,Ossesio Jose Da Silva,Ossesio Silva,Deputado,REPUBLICANOS,PE,OssesioSilva,105435907,id1423302547943644
204464,Taliria Petrone Soares,Talíria Petrone,Deputado,PSOL,RJ,taliriapetrone,103704608,id765667336867771
197438,Carlos Tito Marques Cordeiro,Tito,Deputado,AVANTE,BA,titodepfederal,101631394,id451370971560727
93083,Carlos Felipe Vazquez De Souza Leão,Cacá Leão,Deputado,PP,BA,cacaleao,100521721,id1524680221094223
204409,Daniel Trzeciak Duarte,Daniel Trzeciak,Deputado,PSDB,RS,trzeciakdaniel,97587760,
74366,João Campos De Araújo,João Campos,Deputado,REPUBLICANOS,GO,joaocamposdep,97088495,id586776594697429
204499,Cássio Coelho Andrade,Cássio Andrade,Deputado,PSB,PA,Cassio_4011,96991211,id689828201071604
205550,Jorge Braz De Oliveira,Jorge Braz,Deputado,Republicanos,RJ,Jorge_Braz,95700698,
160635,Ruy Manuel Carneiro Barbosa De Aca Belchior,Ruy Carneiro,Deputado,PSDB,PB,depruycarneiro,94428241,id338878382824931
159237,Francisco De Assis Carvalho Gonçalves,Assis Carvalho,Deputado,PT,PI,assis_carvalho,93881939,id195774537238903
150418,Márcio Carlos Marinho,Márcio Marinho,Deputado,REPUBLICANOS,BA,dpmarciomarinho,92743190,id463527207044648
204404,Lucas Bello Redecker,Lucas Redecker,Deputado,PSDB,RS,lucasredecker,92739280,id404413673009300
160587,Fábio Ricardo Trad,Fábio Trad,Deputado,PSD,MS,f_trad,92509126,id108691132628721
74439,Wolney Queiroz Maciel,Wolney Queiroz,Deputado,PDT,PE,wolneyqueirozm,92341904,id200496276973701
141531,Rodrigo Batista De Castro,Rodrigo de Castro,Deputado,PSDB,MG,rodrigocastro45,90478644,id124002814371381
204428,Marília Valença Rocha Arraes De Alencar,Marília Arraes,Deputado,PT,PE,mariliaarraes,90309661,id268217989858817
67138,Iracema Maria Portella Nunes Nogueira Lima,Iracema Portella,Deputado,PP,PI,iracemaportela,90240751,id144619715634355
204450,Luiz Antonio De Souza Teixeira Júnior,Dr. Luiz Antonio Teixeira Jr.,Deputado,PP,RJ,drluizantoniojr,89419656,id153186802182309
204412,Zacarias Calil Hamu,Dr. Zacharias Calil,Deputado,DEM,GO,zachariascalil,89314888,id266360393867344
160518,Weliton Fernandes Prado,Weliton Prado,Deputado,PROS,MG,pradoweliton,88434677,id193185607843864
74655,Eduardo Luiz Barros Barbosa,Eduardo Barbosa,Deputado,PSDB,MG,eduardobarbosa_,88185879,id391321314263162
160758,Domingos Sávio Campos Resende,Domingos Sávio,Deputado,PSDB,MG,domingossaviomg,87473436,id395748880458898
204389,Elias Vaz De Andrade,Elias Vaz,Deputado,PSB,GO,eliasvazgyn,87445599,id661866270570867
160575,Érika Jucá Kokay,Erika Kokay,Deputado,PT,DF,erikakokay,87021796,id257453204279241
204496,Celso Sabino De Oliveira,Celso Sabino,Deputado,PSDB,PA,celso_sabino,86816235,id451890981576627
178975,Luiz Felipe Baleia Tenuto Rossi,Baleia Rossi,Deputado,MDB,SP,baleia_rossi,86373674,id520798404655508
204379,Acácio Da Silva Favacho Neto,Acácio Favacho,Deputado,PROS,AP,acaciofavacho,85585107,id248744661890403
141434,Flaviano Flávio Baptista De Melo,Flaviano Melo,Deputado,MDB,AC,flaviano_melo,85106260,id1504479649763573
160541,Arthur César Pereira De Lira,Arthur Lira,Deputado,PP,AL,liderppnacamara,84930608,id553734458071369
204576,João Inácio Ribeiro Roma Neto,João Roma,Deputado,REPUBLICANOS,BA,joaoromaneto,84141432,id653716951478918
160604,Pedro Francisco Uczai,Pedro Uczai,Deputado,PT,SC,uczai,83722886,id155201831260401
74319,José Francisco Paes Landim,Paes Landim,Deputado,PTB,PI,depPaesLandim,83380331,
75431,Maurício Alexandre Dziedricki,Maurício Dziedricki,Deputado,PTB,RS,mauricioptbrs,82776436,id165928197166177
73441,Celso Ubirajara Russomanno,Celso Russomanno,Deputado,REPUBLICANOS,SP,celsorussomanno,82386446,id255649141196176
204460,Carlos Roberto Coelho De Mattos Júnior,Carlos Jordy,Deputado,PSL,RJ,carlosjordy,82271629,id522126697963113
204434,Vanda Denir Milani Nogueira,Dra. Vanda Milani,Deputado,SOLIDARIEDADE,AC,joeniac,82227920,id1601715893260426
211866,Fabiano Galletti Tolentino,Fabiano Tolentino,Deputado,CIDADANIA,MG,tolentinomg,82146012,
160673,Giovani Cherini,Giovani Cherini,Deputado,PL,RS,giovanicherini,81617497,id552483638152177
132504,Enio José Verri,Enio Verri,Deputado,PT,PR,enioverri,81088939,id156499414480143
116379,Darci De Matos,Darci de Matos,Deputado,PSD,SC,depdarcidematos,80712669,id211015249060673
178871,Evair Vieira De Melo,Evair Vieira de Melo,Deputado,PP,ES,EvairdeMelo,80626542,id529821053761365
178873,Helder Ignacio Salomao,Helder Salomão,Deputado,PT,ES,heldersalomao,80575628,id546851998788534
160510,Luis Henrique De Oliveira Resende,Luis Tibé,Deputado,AVANTE,MG,luistibeoficial,80307396,id1526286600948051
73808,Sérgio Luís Lacerda Brito,Sérgio Brito,Deputado,PSD,BA,sergiobritoBA,80110194,id1449186785352393
204491,Gilberto Aparecido Abramo,Gilberto Abramo,Deputado,REPUBLICANOS,MG,gilbertoabramo,80095058,id265124996987625
141518,Paulo Pereira Da Silva,Paulo Pereira da Silva,Deputado,SOLIDARIEDADE,SP,dep_paulinho,80044177,id223004697754861
204515,Andre Luis Gaspar Janones,André Janones,Deputado,AVANTE,MG,andrejanones,79197607,id239872239397663
160639,Maria Auxiliadora Seabra Rezende,Professora Dorinha Seabra Rezende,Deputado,DEM,TO,profdorinha,79174387,id291482090931929
178972,Alex Spinelli Manente,Alex Manente,Deputado,CIDADANIA,SP,AlexManente23,78673777,id130558143745099
204373,Hélio Francisco Da Costa,Hélio Costa,Deputado,REPUBLICANOS,SC,heliocosta15,77740864,id248218548595070
74160,Patrus Ananias De Sousa,Patrus Ananias,Deputado,PT,MG,patrus_ananias,77210725,id604453922952420
162332,Luiz Hiloshi Nishimori,Luiz Nishimori,Deputado,PL,PR,luiznishimori,77201350,id660410357307599
178912,Pedro Oliveira Cunha Lima,Pedro Cunha Lima,Deputado,PSDB,PB,pedroocl,77044204,id744196388945576
136811,José Alfonso Ebert Hamm,Afonso Hamm,Deputado,PP,RS,depafonsohamm,76741399,id208610802492299
204361,Carlos Alberto Chiodini,Carlos Chiodini,Deputado,MDB,SC,carloschiodini,76093489,id364253843645006
73701,Benedita Souza Da Silva Sampaio,Benedita da Silva,Deputado,PT,RJ,dasilvabenedita,75060031,
74283,Vicente Paulo Da Silva,Vicentinho,Deputado,PT,SP,vicentinhopt,74762633,id212580628877003
92346,Eduardo Nantes Bolsonaro,Eduardo Bolsonaro,Deputado,PSL,SP,bolsonarosp,74756085,id232788843580414
92102,Leur Antonio De Britto Lomanto Junior,Leur Lomanto Júnior,Deputado,DEM,BA,leurlomantojr,74538721,id1470752259861187
179001,Marcio Della Valle Biolchi,Márcio Biolchi,Deputado,MDB,RS,marciobiolchi,74520134,id381673395176233
141552,Valtenir Luiz Pereira,Valtenir Pereira,Deputado,MDB,MT,DepValtenir,74482455,
204541,Eduardo Henrique Maia Bismarck,Eduardo Bismarck,Deputado,PDT,CE,eduardobismarck,74361905,id356774021132484
204501,Alencar Santana Braga,Alencar Santana Braga,Deputado,PT,SP,alencarbraga13,74243131,id227403640631475
178956,Mariana Fonseca Ribeiro Carvalho De Moraes,Mariana Carvalho,Deputado,PSDB,RO,deputadamariana,72556466,id632343536883223
74060,Daniel Gomes De Almeida,Daniel Almeida,Deputado,PCdoB,BA,daniel_pcdob,71545154,id216099355223068
157130,Túlio Gadêlha Sales De Melo,Túlio Gadêlha,Deputado,PDT,PE,tuliogadelha,71456987,id288353518218458
209189,Joseildo Ribeiro Ramos,Joseildo Ramos,Deputado,PT,BA,joseildoramos,70957180,
74467,Damião Feliciano Da Silva,Damião Feliciano,Deputado,PDT,PB,drdamiao,70672068,id107421552961237
204543,Luiz Flavio Gomes,Luiz Flávio Gomes,Deputado,PSB,SP,professorlfg,70494655,id322392571461646
204388,Alcibio Mesquita Bibo Nunes,Bibo Nunes,Deputado,PSL,RS,bibonunes,69382428,id387146431355916
141417,Édio Vieira Lopes,Edio Lopes,Deputado,PL,RR,ediolopes,69049674,id381872468519171
204383,Israel Matos Batista,Professor Israel Batista,Deputado,PV,DF,profisrael,68719944,id429957570419097
204438,Sergio Toledo De Albuquerque,Sergio Toledo,Deputado,PL,AL,depsergiotoledo,68292109,id461440950613316
204522,Marco Aurelio Bertaiolli,Marco Bertaiolli,Deputado,PSD,SP,marcobertaiolli,67180789,id237597346269787
74299,José Leônidas De Menezes Cristino,Leônidas Cristino,Deputado,PDT,CE,joseleonidas,65900039,id1271496449602306
152605,Glauber De Medeiros Braga,Glauber Braga,Deputado,PSOL,RJ,glauber_braga,65720380,id158198544337175
178836,Alan Rick Miranda,Alan Rick,Deputado,DEM,AC,alan_rick,65308388,id213808655377408
204443,Wagner Montes Dos Santos,Wagner Montes,Deputado,REPUBLICANOS,RJ,depwagnermontes,64801214,id165876130166346
166402,Magda Mofatto Hon,Magda Mofatto,Deputado,PL,GO,magdamofatto,64713240,id396626607095420
178948,Carlos Alberto De Sousa Rosado Segundo,Beto Rosado,Deputado,PP,RN,BetoRosado,64210546,
141464,José Airton Félix Cirilo Da Silva,José Airton Félix Cirilo,Deputado,PT,CE,joseairtonpt,63868587,id532313946789323
146788,Marcelo Guilherme De Aro Ferreira,Marcelo Aro,Deputado,PP,MG,marceloaro,63510130,id115558161921629
204440,Christino Aureo Da Silva,Christino Aureo,Deputado,PP,RJ,christinoaureo,63217728,id933754649994946
160538,Elvino José Bohn Gass,Bohn Gass,Deputado,PT,RS,bohngass,63127680,id217423271714827
74398,Maria Do Rosário Nunes,Maria do Rosário,Deputado,PT,RS,mariadorosario,63118359,id154111111330577
73482,Henrique Fontana Júnior,Henrique Fontana,Deputado,PT,RS,henriquefontana,62804559,id261788690587714
160569,Waldenor Alves Pereira Filho,Waldenor Pereira,Deputado,PT,BA,waldenorpereira,62803861,id533276736728690
204559,José Cerqueira De Santana Neto,Zé Neto,Deputado,PT,BA,depzeneto,62664968,id361989510562789
178963,Luis Antonio Franciscatto Covatti,Covatti Filho,Deputado,PP,RS,covattifilho,60994156,id250817031788413
141411,Dagoberto Nogueira Filho,Dagoberto Nogueira,Deputado,PDT,MS,dagobertopdt,60654076,
204530,Rodrigo Antonio De Agostinho Mendonça,Rodrigo Agostinho,Deputado,PSB,SP,rodrigoagost,60424398,id217600379046455
177282,Luiz Gonzaga Ribeiro,Subtenente Gonzaga,Deputado,PDT,MG,subgonzagamg,59868993,id446410602056683
141401,Carlos Gomes Bezerra,Carlos Bezerra,Deputado,MDB,MT,carlosbezerrajr,59483409,id646168272127229
74383,Fernando Lúcio Giacobo,Giacobo,Deputado,PL,PR,fernandogiacobo,59467117,id1576158645984847
160640,Eros Ferreira Biondini,Eros Biondini,Deputado,PROS,MG,erosbiondini,59449883,id150455861700307
141431,Fernando Bezerra De Souza Coelho Filho,Fernando Coelho Filho,Deputado,DEM,PE,fernandofilhope,59323812,id642849045735037
98057,Lafayette Luiz Doorgal De Andrada,Lafayette de Andrada,Deputado,REPUBLICANOS,MG,lafayetteandrad,58880411,id154453614722972
204503,Alexandre Rocha Santos Padilha,Alexandre Padilha,Deputado,PT,SP,padilhando,58065771,id894038504020410
178887,Rubens Pereira E Silva Junior,Rubens Pereira Júnior,Deputado,PCdoB,MA,rubenspereirajr,57906445,id231256850282149
141450,Hugo Leal Melo Da Silva,Hugo Leal,Deputado,PSD,RJ,dephugoleal,57771926,id467555009943362
141555,Vinicius Rapozo De Carvalho,Vinicius Carvalho,Deputado,REPUBLICANOS,SP,falecomvinicius,57768021,id462223517218816
160632,José Silva Soares,Zé Silva,Deputado,SOLIDARIEDADE,MG,zesilva_,57719474,id223832637675564
74585,Lincoln Diniz Portela,Lincoln Portela,Deputado,PL,MG,lincoln_portela,57704164,id410655005626777
204410,Luisa Canziani Dos Santos Silveira,Luisa Canziani,Deputado,PTB,PR,canzianialex,57641073,id399652257173565
74419,Luiz Gonzaga Patriota,Gonzaga Patriota,Deputado,PSB,PE,gonzagapatriota,57243157,id258656010969084
74352,Nilson Pinto De Oliveira,Nilson Pinto,Deputado,PSDB,PA,depnilsonpinto,57216871,id354764524584734
204408,Luiz Augusto Carvalho Ribeiro Filho,Gustinho Ribeiro,Deputado,SOLIDARIEDADE,SE,gustinhoribeiro,57208702,id459354704210423
204407,Fernanda Melchionna E Silva,Fernanda Melchionna,Deputado,PSOL,RS,fernandapsol,57044549,id241140532664404
204494,Frederico Borges Da Costa,Fred Costa,Deputado,PATRIOTA,MG,fredcosta5133,56689975,id224950980894382
160655,Ricardo Izar Junior,Ricardo Izar,Deputado,PP,SP,ricardoizar,56585767,id370738376378204
160665,Augusto Rodrigues Coutinho De Melo,Augusto Coutinho,Deputado,SOLIDARIEDADE,PE,dep_acoutinho,56480030,id659203737425877
141459,João Da Silva Maia,João Maia,Deputado,PL,RN,depjoaomaia,56097072,id363291450835796
205865,Reinhold Stephanes Junior,Reinhold Stephanes Junior,Deputado,PSD,PR,StephanesJr,55607796,
74784,Luiza Erundina De Sousa,Luiza Erundina,Deputado,PSOL,SP,luizaerundina,55022037,id198276680205255
160570,Jerônimo Pizzolotto Goergen,Jerônimo Goergen,Deputado,PP,RS,jeronimogoergen,54678650,id143212705692959
74376,Vander Luiz Dos Santos Loubet,Vander Loubet,Deputado,PT,MS,vanderloubet,54547924,id547530398646435
74371,Rubens Otoni Gomide,Rubens Otoni,Deputado,PT,GO,rubensotoni,54539654,id216474455105209
73772,Hermes Parcianello,Hermes Parcianello,Deputado,MDB,PR,parcianello,54283589,id346130422386120
141391,Arnaldo Calil Pereira Jardim,Arnaldo Jardim,Deputado,CIDADANIA,SP,arnaldojardim,53493125,id284823328208067
204384,Ney Leprevost Neto,Ney Leprevost,Deputado,PSD,PR,neyleprevost,53163365,id128327663956877
204394,Gervásio Agripino Maia,Gervásio Maia,Deputado,PSB,PB,gervasiomaia,52854149,id514558765355005
139285,Lídice Da Mata E Souza,Lídice da Mata,Deputado,PSB,BA,lidicedamata,52724814,id203206869718110
73692,Osmar Gasparini Terra,Osmar Terra,Deputado,MDB,RS,osmarterra,52722451,id512203465555033
69871,Joao Carlos Bacelar Batista,Bacelar,Deputado,PODE,BA,deputadobacelar,52364013,id152534811624066
204380,Celina Leao Hizim Ferreira,Celina Leão,Deputado,PP,DF,celinaleao,51935259,id438031969571322
141428,Fábio Salustino Mesquita De Faria,Fábio Faria,Deputado,PSD,RN,fabiofaria5555,51827346,id224408284297413
204492,Paulo Jose Carlos Guedes,Paulo Guedes,Deputado,PT,MG,deppauloguedes,50713061,id342300479170301
73788,Ricardo José Magalhães Barros,Ricardo Barros,Deputado,PP,PR,ricardobarrospp,50101324,id800038830018182
74161,Reginaldo Lázaro De Oliveira Lopes,Reginaldo Lopes,Deputado,PT,MG,reginaldolopes,50088692,id214354821918864
204510,Franco Cartafina Gomes,Franco Cartafina,Deputado,PP,MG,francocartafina,50012223,id490602331026753
204414,Jose Aroldo Souza Martins,Aroldo Martins,Deputado,REPUBLICANOS,PR,aroldomartins,49937154,id261967070500676
141470,José Nobre Guimarães,José Guimarães,Deputado,PT,CE,guimaraes13pt,49696756,id136526549720709
204352,Carlos Camilo Góes Capiberibe,Camilo Capiberibe,Deputado,PSB,AP,camilopsb,49339134,id191400270968241
204427,Fernando Rodolfo Tenorio De Vasconcelos,Fernando Rodolfo,Deputado,PL,PE,fernandorodolfo,49184721,id458071071234028
178863,Uldurico Alencar Pinto,Uldurico Junior,Deputado,PROS,BA,ulduricopinto,48484650,id326144047545564
81055,Márcio Jerry Saraiva Barroso,Márcio Jerry,Deputado,PCdoB,MA,marciojerry,48122425,id551970688209452
74075,Elcione Therezinha Zahluth Barbalho,Elcione Barbalho,Deputado,MDB,PA,elcionepmdb,48073610,id199910936714918
178937,Altineu Côrtes Freitas Coutinho,Altineu Côrtes,Deputado,PL,RJ,altineu,47991805,id494760090676746
204433,Marcelo Calero Faria Garcia,Marcelo Calero,Deputado,CIDADANIA,RJ,caleromarcelo,47835702,id1021233484565650
160592,José Carlos Becker De Oliveira E Silva,Zeca Dirceu,Deputado,PT,PR,zeca_dirceu,47461491,id220778897969256
160511,Alessandro Lucciola Molon,Alessandro Molon,Deputado,PSB,RJ,alessandromolon,45953391,id271075406319289
76874,Marcelo Ribeiro Freixo,Marcelo Freixo,Deputado,PSOL,RJ,marcelofreixo,45870897,id128416167198648
141398,Carlos Alberto Rolim Zarattini,Carlos Zarattini,Deputado,PT,SP,carloszarattini,45473463,id405401689514244
160666,Felix De Almeida Mendonça Júnior,Félix Mendonça Júnior,Deputado,PDT,BA,felixmendoncajr,45235841,id1521288524756090
204527,Eugenio José Zuliani,Geninho Zuliani,Deputado,DEM,SP,geninhozuliani,44830026,id318182948245160
73943,Maria Perpétua De Almeida,Perpétua Almeida,Deputado,PCdoB,AC,perpetua_acre,44693900,id161197557282987
178916,Daniel Pires Coelho,Daniel Coelho,Deputado,CIDADANIA,PE,danielcoelho23,44499500,id142142725852014
73466,Rubens Bueno,Rubens Bueno,Deputado,CIDADANIA,PR,23rubensbueno,43260429,id549765801726215
122158,Pedro Paulo Carvalho Teixeira,Pedro Paulo,Deputado,DEM,RJ,pedropaulo,43189774,id249383531739005
74399,Onyx Dornelles Lorenzoni,Onyx Lorenzoni,Deputado,DEM,RS,onyxlorenzoni,43041690,id263899720309064
74158,Mário Lúcio Heringer,Mário Heringer,Deputado,PDT,MG,mario_heringer,42890833,id611112112239401
143632,Domingos Gomes De Aguiar Neto,Domingos Neto,Deputado,PSD,CE,domingos_neto,42626592,id1507476039474128
160600,Arthur De Oliveira Maia Da Silva,Arthur Oliveira Maia,Deputado,DEM,BA,departhurmaia,42454330,id558618490903477
74057,Alice Mazzuco Portugal,Alice Portugal,Deputado,PCdoB,BA,alice_portugal,42304398,id149121948526976
204556,Marcelo Ramos Rodrigues,Marcelo Ramos,Deputado,PL,AM,marceloramosam,42228966,id123110164425108
141516,Paulo Abi-ackel,Paulo Abi-Ackel,Deputado,PSDB,MG,pauloabiackel,41590536,id552636458116557
74848,Jandira Feghali,Jandira Feghali,Deputado,PCdoB,RJ,jandira_feghali,39116717,id208153919219278
74374,Geraldo Resende Pereira,Geraldo Resende,Deputado,PSDB,MS,dep_geraldo,37711911,
73891,Darcísio Paulo Perondi,Darcísio Perondi,Deputado,MDB,RS,darcisioperondi,37705232,
160651,Rogério Mendonça,Rogério Peninha Mendonça,Deputado,MDB,SC,deputadopeninha,37665648,id608246322520640
73486,Darci Pompeo De Mattos,Pompeo de Mattos,Deputado,PDT,RS,pompeodemattos,37320286,id265934193465106
193726,Paulo Eduardo Lima Martins,Paulo Eduardo Martins,Deputado,PSC,PR,paulomartins10,36714942,id766832426669323
141421,Eduardo Henrique Da Fonte De Albuquerque Silva,Eduardo da Fonte,Deputado,PP,PE,eduardodafonte,36540166,id194138040740933
73604,Rui Goethe Da Costa Falcão,Rui Falcão,Deputado,PT,SP,rfalcao13,36248739,id127139487368866
160601,Marco Antônio Feliciano,Pr. Marco Feliciano,Deputado,PODE,SP,marcofeliciano,35805725,id176976939109000
74693,Rodrigo Felinto Ibarra Epitácio Maia,Rodrigo Maia,Deputado,DEM,RJ,rodrigomaia,35260027,id194263324017292
141553,Vanderlei Macris,Vanderlei Macris,Deputado,PSDB,SP,vanderleimacris,34294919,id264795166973213
73460,Gustavo Bonato Fruet,Gustavo Fruet,Deputado,PDT,PR,gustavofruet,33642328,id214730151901124
168175,Jose Simplicio Alves De Araujo,Simplício Araújo,Deputado,Solidariedade,MA,SimplicioAraujo,33014349,
107283,Gleisi Helena Hoffmann,Gleisi Hoffmann,Deputado,PT,PR,gleisi,31139434,id136344939876101
178990,Samuel Moreira Da Silva Junior,Samuel Moreira,Deputado,PSDB,SP,samuelmoreira,28340920,id301671559864163
204535,Samia De Souza Bomfim,Sâmia Bomfim,Deputado,PSOL,SP,samiabomfim,27703690,id101868150220967
141488,Luiz Paulo Teixeira Ferreira,Paulo Teixeira,Deputado,PT,SP,pauloteixeira13,25562342,id123368671040530
204461,Paulo Gustavo Ganime Alves Teixeira,Paulo Ganime,Deputado,NOVO,RJ,pauloganime,25537494,id122316191701353
74200,Gastão Dias Vieira,Gastão Vieira,Deputado,PROS,MA,gastaovieira,25113197,
178939,Clarissa Barros Assed Matheus De Oliveira,Clarissa Garotinho,Deputado,PROS,RJ,dep_clarissa,23790057,id381544615216928
204406,Pedro Bandarra Westphalen,Pedro Westphalen,Deputado,PP,RS,pedrowestphalen,23239275,id562261883915545
128760,Paulo Celso Fonseca Marinho Júnior,Paulo Marinho Jr,Deputado,PL,MA,paulomjr,22994263,
74400,Paulo Roberto Severo Pimenta,Paulo Pimenta,Deputado,PT,RS,deputadofederal,22864100,id254476531311977
156190,Marcel Van Hattem,Marcel van Hattem,Deputado,NOVO,RS,marcelvanhattem,21069302,id186189258069658
141422,Efraim De Araújo Morais Filho,Efraim Filho,Deputado,DEM,PB,efraimfilho,18957078,id810714015625617
74646,Aécio Neves Da Cunha,Aécio Neves,Deputado,PSDB,MG,aecioneves,15828014,id411754008869486
204395,Pedro Deboni Lupion Mello,Pedro Lupion,Deputado,DEM,PR,pedro_lupion,15022409,id600910850022315
204542,Denis Anderson Da Rocha Bezerra,Denis Bezerra,Deputado,PSB,CE,denisbezerra,14513609,id158153364906858
73801,Renildo Vasconcelos Calheiros,Renildo Calheiros,Deputado,PCdoB,PE,renildo,14160928,id398858610176824
141523,Raul Jean Louis Henry Júnior,Raul Henry,Deputado,MDB,PE,raulhenry,14095467,id228058993888678